n_name,revenue
INDONESIA,55502041.1697
VIETNAM,55295086.99670001
CHINA,53724494.256600015
INDIA,52035512.00019998
JAPAN,45410175.69539999
