cntrycode,numcust,totacctbal
13,888,6737713.99
17,861,6460573.720000001
18,964,7236687.400000002
23,892,6701457.950000003
29,948,7158866.629999999
30,909,6808436.129999999
31,922,6806670.179999998
