o_year,mkt_share
1995.0,0.034435890406654804
1996.0,0.04148552129353032
